OX Pro 100 Pack Heavy Duty Knife Blades & Dispenser,Steel,0.44,Ship,Medium,C,0.8,China
Stanley Classic Legendary Camp Mug 0.35L - Keeps 1.5 Hours Hot - 3 Hours Cold - Dishwasher Safe - Stainless Steel Camping Mug - BPA-Free Travel Mug - Hammertone Green,Other,1.05,Ship,Medium,D,2.1,China
Slick Gorilla Sea Salt Spray 200ml,Other,0.26,Ship,Medium,B,0.53,China
Slick Gorilla Sea Salt Spray 200ml,Other,0.26,Ship,Medium,B,0.53,China
THE NORTH FACE Borealis Sling Sports Backpack,Other,1.05,Ship,Medium,D,2.1,China
THE NORTH FACE Borealis Sling Sports Backpack,Other,1.05,Ship,Medium,D,2.1,China
"Tefal OptiGrill+ GC713D40 Intelligent Health Grill, 6 Automatic Settings, Stainless Steel, 2000W, 4-6 Portions, 14.57 x 14.17 x 6.5 cm",Steel,5.25,Air,Medium,F,9.45,France
"Tefal OptiGrill+ GC713D40 Intelligent Health Grill, 6 Automatic Settings, Stainless Steel, 2000W, 4-6 Portions, 14.57 x 14.17 x 6.5 cm",Steel,5.25,Air,Medium,F,9.45,France
"Tefal OptiGrill+ GC713D40 Intelligent Health Grill, 6 Automatic Settings, Stainless Steel, 2000W, 4-6 Portions, 14.57 x 14.17 x 6.5 cm",Steel,5.25,Air,Medium,F,9.45,France
"Tefal OptiGrill+ GC713D40 Intelligent Health Grill, 6 Automatic Settings, Stainless Steel, 2000W, 4-6 Portions, 14.57 x 14.17 x 6.5 cm",Steel,5.25,Air,Medium,F,9.45,France
"Ninja Foodi FlexDrawer Air Fryer, Dual Zone with Removable Divider, Large 10.4L Drawer, 7-in-1, Air-Fryer, Air Fry, Roast, Bake, Crisp, Non-Stick Dishwasher Safe Parts, Black and Copper, AF500UKCP",Plastic,9.85,Ship,Medium,D,24.62,China
"Ninja Foodi FlexDrawer Air Fryer, Dual Zone with Removable Divider, Large 10.4L Drawer, 7-in-1, Air-Fryer, Air Fry, Roast, Bake, Crisp, Non-Stick Dishwasher Safe Parts, Black and Copper, AF500UKCP",Plastic,9.85,Ship,Medium,D,24.62,China
"Ninja Foodi FlexDrawer Air Fryer, Dual Zone with Removable Divider, Large 10.4L Drawer, 7-in-1, Air-Fryer, Air Fry, Roast, Bake, Crisp, Non-Stick Dishwasher Safe Parts, Black and Copper, AF500UKCP",Plastic,9.85,Ship,Medium,D,24.62,China
"Ninja Foodi FlexDrawer Air Fryer, Dual Zone with Removable Divider, Large 10.4L Drawer, 7-in-1, Air-Fryer, Air Fry, Roast, Bake, Crisp, Non-Stick Dishwasher Safe Parts, Black and Copper, AF500UKCP",Plastic,9.85,Ship,Medium,D,24.62,China
"Ninja Foodi FlexDrawer Air Fryer, Dual Zone with Removable Divider, Large 10.4L Drawer, 7-in-1, Air-Fryer, Air Fry, Roast, Bake, Crisp, Non-Stick Dishwasher Safe Parts, Black and Copper, AF500UKCP",Plastic,9.85,Ship,Medium,D,24.62,China
"Ninja Foodi FlexDrawer Air Fryer, Dual Zone with Removable Divider, Large 10.4L Drawer, 7-in-1, Air-Fryer, Air Fry, Roast, Bake, Crisp, Non-Stick Dishwasher Safe Parts, Black and Copper, AF500UKCP",Plastic,9.85,Ship,Medium,D,24.62,China
"Ninja Foodi FlexDrawer Air Fryer, Dual Zone with Removable Divider, Large 10.4L Drawer, 7-in-1, Air-Fryer, Air Fry, Roast, Bake, Crisp, Non-Stick Dishwasher Safe Parts, Black and Copper, AF500UKCP",Plastic,9.85,Ship,Medium,D,24.62,China
